<?xml version="1.0" encoding="UTF-8" standalone="yes"?>
<mule-project xmlns="http://www.mulesoft.com/tooling/project" runtimeId="org.mule.tooling.server.3.9.0" schemaVersion="5.3.0.0">
    <name>isi</name>
    <description></description>
    <muleExtension name="AMQP-0-9" qualifier="mule-transport-amqp-contribution"/>
    <muleExtension name="AMQPS-0-9" qualifier="mule-transport-amqp-contribution"/>
    <muleExtension name="Anypoint MQ" qualifier="org.mule.tooling.messaging.contribution"/>
    <muleExtension name="Amazon S3" qualifier="org.mule.tooling.ui.contribution.s3.3.5.0"/>
    <muleExtension name="Mongo DB" qualifier="org.mule.tooling.ui.contribution.mongo.3.5.0"/>
</mule-project>
